{"user_pd4u7mrpr-1-speaking": [0.29400000000000004, 0, 0, 0, 0], "user_pd4u7mrpr-2-speaking": [0, -0.1, 0, 0, 0], "user_pd4u7mrpr-1-listening": [0.43224000000000007, 0, 0, 0, 0], "user_pd4u7mrpr-1-writing": [0.43224000000000007, 0, 0, 0, 0], "user_0sl1pa7bo-1-speaking": [-0.15198399999999998, 0, 0, 0, 0], "user_5mwvf6chz-1-speaking": [-0.095, 0, 0, 0, 0], "user_5mwvf6chz-1-listening": [0.49, 0, 0, 0, 0], "user_5mwvf6chz-1-writing": [0.25, 0, 0, 0, 0], "user_5w66w9v8r-1-speaking": [-0.05, 0, 0, 0, 0], "user_n7g4lieht-1-speaking": [-0.1355, 0, 0, 0, 0], "user_cxrgyljjw-1-speaking": [-0.05, 0, 0, 0, 0], "user_5gdueq4bf-1-speaking": [0.25, 0, 0, 0, 0], "user_5gdueq4bf-1-listening": [0.7204, 0, 0, 0, 0], "user_5gdueq4bf-3-writing": [0, 0, 1.099504103927477, 0, 0], "user_0rq8iysti-1-listening": [0.49, 0, 0, 0, 0], "user_0rq8iysti-1-writing": [0.25, 0, 0, 0, 0], "user_pnaxfs1xi-2-listening": [0, 0.5880000000000001, 0, 0, 0], "user_pnaxfs1xi-2-writing": [0, 0.5764800000000001, 0, 0, 0], "user_u71mrqame-2-writing": [0, 0.8644800000000001, 0, 0, 0], "user_u71mrqame-2-listening": [0, 0.30000000000000004, 0, 0, 0], "user_lf0b4d4e9-2-writing": [0, 0.30000000000000004, 0, 0, 0], "user_7rgsdewoy-1-speaking_word": [-0.05, 0, 0, 0, 0], "user_z4fwljm7h-1-speaking_word": [-0.05, 0, 0, 0, 0], "user_52re5x3l7-1-speaking_word": [-0.05, 0, 0, 0, 0], "user_lr2toddy0-1-speaking_word": [-0.095, 0, 0, 0, 0], "user_9zjv0gab3-2-listening": [0, 0.30000000000000004, 0, 0, 0], "user_9zjv0gab3-3-writing": [0, 0, 0.019999999999999997, 0, 0], "user_627kkf0d3-1-speaking_word": [0.25, 0, 0, 0, 0], "user_dt0n0y4ed-1-listening": [0.49, 0, 0, 0, 0], "user_mvyvai6oh-1-speaking_word": [-0.05, 0, 0, 0, 0], "user_mvyvai6oh-2-listening": [0, 0.5880000000000001, 0, 0, 0]}